{
    "test_results": [
        {
            "episode": 0,
            "total_reward": 10.027481334726698,
            "collisions": 1,
            "avg_speed": 19.796033908735286,
            "speed_variance": 1.8550077331813566
        }
    ],
    "kpis": {
        "average_reward": 10.027481334726698,
        "total_collisions": 1,
        "average_speed": 19.796033908735286,
        "speed_variance": 1.8550077331813566
    },
    "environment": "car_following",
    "stage": "post_training_test"
}