{
    "test_results": [
        {
            "episode": 2,
            "total_reward": 0.9705882352941175,
            "collisions": 1,
            "avg_speed": 14.930258888050126,
            "speed_variance": 5.7966813873262115
        },
        {
            "episode": 3,
            "total_reward": 9.754901960784313,
            "collisions": 0,
            "avg_speed": 15.170121379029968,
            "speed_variance": 6.600408462473138
        },
        {
            "episode": 5,
            "total_reward": 1.946078431372549,
            "collisions": 1,
            "avg_speed": 14.953771655375283,
            "speed_variance": 10.495276562890668
        },
        {
            "episode": 6,
            "total_reward": 9.759803921568626,
            "collisions": 0,
            "avg_speed": 9.353943924066376,
            "speed_variance": 43.15604068827605
        }
    ],
    "kpis": {
        "average_reward": 5.607843137254902,
        "total_collisions": 2,
        "average_speed": 12.798499430927581,
        "speed_variance": 29.542544354679773
    },
    "environment": "roundabout",
    "stage": "pre_training_test"
}