#{"t_start": 1735733168.9431162, "env_id": "highway-v0"}
r,l,t
1.839988,3,0.028586
8.106792,12,0.112389
2.488889,4,0.139977
2.623137,4,0.16744
18.377352,27,0.335901
4.538003,7,0.388345
3.306768,5,0.42226
4.0,6,0.463923
2.446039,4,0.493559
1.823137,3,0.515629
2.538842,4,0.543844
3.465888,5,0.578461
1.869811,3,0.602099
7.73803,12,0.678142
