{
    "test_results": [
        {
            "episode": 7,
            "total_reward": 3.931372549019608,
            "collisions": 1,
            "avg_speed": 14.67106995239348,
            "speed_variance": 4.615091459957765
        }
    ],
    "kpis": {
        "average_reward": 3.931372549019608,
        "total_collisions": 1,
        "average_speed": 14.67106995239348,
        "speed_variance": 4.615091459957765
    },
    "environment": "final_test_roundabout",
    "stage": ""
}