{
    "test_results": [
        {
            "episode": 0,
            "total_reward": 17.116009871911153,
            "collisions": 0,
            "avg_speed": 20.929875051604423,
            "speed_variance": 1.218203343970156
        }
    ],
    "kpis": {
        "average_reward": 17.116009871911153,
        "total_collisions": 0,
        "average_speed": 20.929875051604423,
        "speed_variance": 1.218203343970156
    },
    "environment": "lane_changing",
    "stage": "pos_training_test"
}