{
    "test_results": [
        {
            "episode": 0,
            "total_reward": 12.16698903171787,
            "collisions": 1,
            "avg_speed": 20.375029380438267,
            "speed_variance": 2.897212893608496
        },
        {
            "episode": 1,
            "total_reward": 37.866666666666646,
            "collisions": 0,
            "avg_speed": 20.589771474263195,
            "speed_variance": 1.6461997532887196
        },
        {
            "episode": 2,
            "total_reward": 6.546666666666666,
            "collisions": 1,
            "avg_speed": 20.563176420747244,
            "speed_variance": 3.281691151111427
        }
    ],
    "kpis": {
        "average_reward": 18.86010745501706,
        "total_collisions": 2,
        "average_speed": 20.53784970423615,
        "speed_variance": 2.1475260098291247
    },
    "environment": "overtaking",
    "stage": "pos_training_test"
}