{
    "test_results": [
        {
            "episode": 0,
            "total_reward": 6.3999999999999995,
            "collisions": 0,
            "avg_speed": 20.734136222984855,
            "speed_variance": 1.507574867797725
        }
    ],
    "kpis": {
        "average_reward": 6.3999999999999995,
        "total_collisions": 0,
        "average_speed": 20.734136222984855,
        "speed_variance": 1.507574867797725
    },
    "environment": "overtaking",
    "stage": "pre_training_test"
}