{
    "test_results": [
        {
            "episode": 0,
            "total_reward": 2.7727272727272725,
            "collisions": 1,
            "avg_speed": 14.570962810740308,
            "speed_variance": 2.9089537218699038
        }
    ],
    "kpis": {
        "average_reward": 2.7727272727272725,
        "total_collisions": 1,
        "average_speed": 14.570962810740308,
        "speed_variance": 2.9089537218699038
    },
    "environment": "roundabout",
    "stage": "pre_training_test"
}