{
    "test_results": [
        {
            "episode": 0,
            "total_reward": 11.09090909090909,
            "collisions": 0,
            "avg_speed": 15.41346263291739,
            "speed_variance": 1.9876690466336384
        }
    ],
    "kpis": {
        "average_reward": 11.09090909090909,
        "total_collisions": 0,
        "average_speed": 15.41346263291739,
        "speed_variance": 1.9876690466336384
    },
    "environment": "roundabout",
    "stage": "pos_training_test"
}