{
    "test_results": [
        {
            "episode": 0,
            "total_reward": 8.272727272727272,
            "collisions": 1,
            "avg_speed": 14.337257398982867,
            "speed_variance": 4.667340881818338
        },
        {
            "episode": 1,
            "total_reward": 8.227272727272727,
            "collisions": 0,
            "avg_speed": 8.674634340752169,
            "speed_variance": 56.345374480488864
        },
        {
            "episode": 2,
            "total_reward": 12.954545454545453,
            "collisions": 0,
            "avg_speed": 14.68826748191375,
            "speed_variance": 2.7063834956344044
        }
    ],
    "kpis": {
        "average_reward": 9.818181818181818,
        "total_collisions": 1,
        "average_speed": 12.076996558429755,
        "speed_variance": 34.41200189550674
    },
    "environment": "roundabout",
    "stage": "pos_train_test"
}