{
    "test_results": [
        {
            "episode": 0,
            "total_reward": 9.625000000000002,
            "steps": [
                {
                    "observation": [
                        [
                            1.0,
                            0.025094013661146164,
                            0.37028345465660095,
                            0.05720778927206993,
                            -0.5302562713623047
                        ],
                        [
                            1.0,
                            -0.057473525404930115,
                            0.23216132819652557,
                            1.0,
                            0.37024930119514465
                        ],
                        [
                            1.0,
                            0.06487514078617096,
                            0.18628856539726257,
                            0.7152557969093323,
                            -0.17646215856075287
                        ],
                        [
                            1.0,
                            -0.19383534789085388,
                            0.04518759250640869,
                            0.15283380448818207,
                            1.0
                        ],
                        [
                            1.0,
                            1.0,
                            -0.019999999552965164,
                            -1.0,
                            2.220446049250313e-16
                        ]
                    ],
                    "action": 0,
                    "reward": 0.8750000000000001
                },
                {
                    "observation": [
                        [
                            1.0,
                            0.04334774613380432,
                            0.2924595773220062,
                            0.1369020938873291,
                            -0.5154631733894348
                        ],
                        [
                            1.0,
                            0.11194135248661041,
                            0.21143214404582977,
                            1.0,
                            -0.4598887860774994
                        ],
                        [
                            1.0,
                            -0.08880985528230667,
                            0.17821787297725677,
                            0.9893977642059326,
                            0.6190572381019592
                        ],
                        [
                            1.0,
                            0.15363864600658417,
                            0.12284310907125473,
                            0.5182508826255798,
                            -0.5235892534255981
                        ],
                        [
                            1.0,
                            0.8475872278213501,
                            -0.019999999552965164,
                            -1.0,
                            2.220446049250313e-16
                        ]
                    ],
                    "action": 0,
                    "reward": 0.8750000000000001
                },
                {
                    "observation": [
                        [
                            1.0,
                            0.0944606363773346,
                            0.23356324434280396,
                            0.39933642745018005,
                            -0.3535178303718567
                        ],
                        [
                            1.0,
                            0.0803970918059349,
                            0.18215426802635193,
                            1.0,
                            -0.3586960732936859
                        ],
                        [
                            1.0,
                            0.23473113775253296,
                            0.09026212245225906,
                            0.8177655339241028,
                            -0.8275361657142639
                        ],
                        [
                            1.0,
                            0.1953626275062561,
                            0.02206827886402607,
                            0.16127172112464905,
                            -0.7188332080841064
                        ],
                        [
                            1.0,
                            0.6821150183677673,
                            -0.019999999552965164,
                            -1.0,
                            2.220446049250313e-16
                        ]
                    ],
                    "action": 0,
                    "reward": 0.8750000000000001
                },
                {
                    "observation": [
                        [
                            1.0,
                            0.1564790904521942,
                            0.18313747644424438,
                            0.4006195664405823,
                            -0.3520630896091461
                        ],
                        [
                            1.0,
                            0.21070511639118195,
                            0.07658015191555023,
                            0.8915797472000122,
                            -0.5432408452033997
                        ],
                        [
                            1.0,
                            0.3942652642726898,
                            0.025119220837950706,
                            1.0,
                            -0.20649248361587524
                        ],
                        [
                            1.0,
                            0.5166428685188293,
                            -0.019999999552965164,
                            -1.0,
                            2.220446049250313e-16
                        ],
                        [
                            1.0,
                            0.17704376578330994,
                            -0.08544616401195526,
                            -0.2463577836751938,
                            -0.6942892670631409
                        ]
                    ],
                    "action": 0,
                    "reward": 0.8750000000000001
                },
                {
                    "observation": [
                        [
                            1.0,
                            0.17630557715892792,
                            0.1070077195763588,
                            0.1967942714691162,
                            -0.495697945356369
                        ],
                        [
                            1.0,
                            0.34365200996398926,
                            0.030256256461143494,
                            0.9208505749702454,
                            -0.23547929525375366
                        ],
                        [
                            1.0,
                            0.568649172782898,
                            0.020313439890742302,
                            1.0,
                            -0.006685576867312193
                        ],
                        [
                            1.0,
                            0.3516625463962555,
                            -0.027870070189237595,
                            -1.0,
                            -0.15961416065692902
                        ],
                        [
                            1.0,
                            0.10425064712762833,
                            -0.16666074097156525,
                            -0.5784731507301331,
                            -0.4561781883239746
                        ]
                    ],
                    "action": 0,