{
    "test_results": [
        {
            "episode": 0,
            "total_reward": 9.625000000000002,
            "steps": [
                {
                    "observation": [
                        [
                            1.0,
                            0.025094013661146164,
                            0.37028345465660095,
                            0.05720778927206993,
                            -0.5302562713623047
                        ],
                        [
                            1.0,
                            -0.1259801834821701,
                            0.2024565041065216,
                            0.8264773488044739,
                            0.6117198467254639
                        ],
                        [
                            1.0,
                            0.12730750441551208,
                            0.1514158695936203,
                            0.7917190194129944,
                            -0.5446891188621521
                        ],
                        [
                            1.0,
                            -0.1957654505968094,
                            0.03214425966143608,
                            0.07000836730003357,
                            1.0
                        ],
                        [
                            1.0,
                            1.0,
                            -0.019999999552965164,
                            -1.0,
                            2.220446049250313e-16
                        ]
                    ],
                    "action": 0,
                    "reward": 0.8750000000000001
                },
                {
                    "observation": [
                        [
                            1.0,
                            0.04334774613380432,
                            0.2924595773220062,
                            0.1369020938873291,
                            -0.5154631733894348
                        ],
                        [
                            1.0,
                            -0.03988796845078468,
                            0.3267647325992584,
                            0.383524090051651,
                            0.9540309906005859
                        ],
                        [
                            1.0,
                            -0.11164267361164093,
                            0.1638924777507782,
                            0.8210157752037048,
                            0.687633752822876
                        ],
                        [
                            1.0,
                            0.195564866065979,
                            0.028019193559885025,
                            0.23222005367279053,
                            -0.9325122833251953
                        ],
                        [
                            1.0,
                            0.8022599220275879,
                            -0.019999999552965164,
                            -1.0,
                            2.220446049250313e-16
                        ]
                    ],
                    "action": 0,
                    "reward": 0.8750000000000001
                },
                {
                    "observation": [
                        [
                            1.0,
                            0.0944606363773346,
                            0.23356324434280396,
                            0.39933642745018005,
                            -0.3535178303718567
                        ],
                        [
                            1.0,
                            0.04176315665245056,
                            0.19384777545928955,
                            1.0,
                            -0.12054913491010666
                        ],
                        [
                            1.0,
                            0.6018452644348145,
                            -0.019999999552965164,
                            -1.0,
                            2.220446049250313e-16
                        ],
                        [
                            1.0,
                            0.16440609097480774,
                            -0.10948362201452255,
                            -0.4480397403240204,
                            -0.8501562476158142
                        ],
                        [
                            0.0,
                            0.0,
                            0.0,
                            0.0,
                            0.0
                        ]
                    ],
                    "action": 0,
                    "reward": 0.8750000000000001
                },
                {
                    "observation": [
                        [
                            1.0,
                            0.1564790904521942,
                            0.18313747644424438,
                            0.4006195664405823,
                            -0.3520630896091461
                        ],
                        [
                            1.0,
                            0.16921769082546234,
                            0.10337333381175995,
                            0.6462441682815552,
                            -0.853976309299469
                        ],
                        [
                            1.0,
                            0.4016583263874054,
                            -0.021235952153801918,
                            -1.0,
                            -0.05047580972313881
                        ],
                        [
                            1.0,
                            0.04952524974942207,
                            -0.19120977818965912,
                            -0.9007301330566406,
                            -0.33494845032691956
                        ],
                        [
                            0.0,
                            0.0,
                            0.0,
                            0.0,
                            0.0
                        ]
                    ],
                    "action": 0,
                    "reward": 0.8750000000000001
                },
                {
                    "observation": [
                        [
                            1.0,
                            0.17630557715892792,
                            0.1070077195763588,
                            0.1967942714691162,
                            -0.495697945356369
                        ],
                        [
                            1.0,
                            0.3127463459968567,
                            0.037190888077020645,
                            1.0,
                            -0.31599608063697815
                        ],
                        [
                            1.0,
                            0.22952550649642944,
                            -0.10026401281356812,
                            -0.7972937822341919,
                            -1.0
                        ],
                        [
                            0.0,
                            0.0,
                            0.0,
                            0.0,
                            0.0
                        ],
                        [
                            0.0,
                            0.0,
                            0.0,
                            0.0,
                            0.0
                        ]
                    ],
                    "action": 0,