{
    "test_results": [
        {
            "episode": 3,
            "total_reward": 11.494148001393434,
            "collisions": 1,
            "avg_speed": 19.851714367413184,
            "speed_variance": 3.309722204643441
        },
        {
            "episode": 8,
            "total_reward": 16.990881096185692,
            "collisions": 1,
            "avg_speed": 20.192902458683474,
            "speed_variance": 2.801875651038784
        }
    ],
    "kpis": {
        "average_reward": 14.242514548789563,
        "total_collisions": 2,
        "average_speed": 20.05332551225472,
        "speed_variance": 3.0377713272945845
    },
    "environment": "highway_cruising",
    "stage": "pre_training_test"
}