{
    "test_results": [
        {
            "episode": 1,
            "total_reward": 0.9803921568627452,
            "collisions": 1,
            "avg_speed": 16.05529317258154,
            "speed_variance": 5.662640174811228
        }
    ],
    "kpis": {
        "average_reward": 0.9803921568627452,
        "total_collisions": 1,
        "average_speed": 16.05529317258154,
        "speed_variance": 5.662640174811228
    },
    "environment": "roundabout",
    "stage": "pre_training_test"
}